빙그레,"함께 놀아요, 바나나맛우유 (feat. 공기)",30,1
롯데면세점,"[KOR] LOTTE DUTY FREE x BTS M/V ""You're so Beautiful""",60,1.3
스노우카메라,[귀신 이동면허] 귀신도 시험 본다는데??,30,1
배틀그라운드,배틀그라운드 모바일 TVCF - My way편,30,1
LG전자,"LG 코드제로 TVC - 국가대표답게, 코드제로답게 편",60,1.3
카스,AOMGxCASS 뒤집어버려 Official Music video,120,1.7
야놀자,초특가 야놀자,120,1.7
요기요,부대찌개의 우주 배달 스토리 feat. 울프 슈뢰더 (풀버전),30,1
삼성전자,"EP.1 ""엄마, 고래는 어디 있어?"" 고래먼지 (Ambergris)",60,1.3
클래시 오브 클랜,클래시 오브 클랜: 해머잼!,30,1
알바천국,알바천국 약빨았다ㅋㅋ 할래누가 Song,60,1.3
나이키 코리아,RUN IT (Feat. 우원재 & 제시) (Prod. by GRAY)-박재범(Jay Park),120,1.7
현대자동차,[CAR] NEXO #04. 3rd EYE,120,1.7
넥슨,[AxE/액스] 1주년 업데이트 CF 영상,120,1.7
롯데리아,이영자 이름걸고 추천하는 메뉴 TOP3,120,1.7
배스킨라빈스,"배스킨라빈스 추석선물세트, 디저트로 딱! (Full)",60,1.3
유니클로,유니클로 진 x 이기광 x 리아킴 댄스 영상,30,1
정관장 정몰,[정몰 1탄] 정말 건강에 미친 사람들의 몰,60,1.3
삼성카드,[밸런스 메이커]잡아보세요 당신의 워라밸_밸런스 마우스편,30,1
에뛰드하우스,[ETUDEX레드벨벳] 매트하면 시크해! 레드벨벳도 푹 빠진 #매트시크립라커,60,1.3
SIDIZ,시디즈 웹드라마 '함께 크는 가족' (Full ver.),30,1
검은사막 모바일 Black Desert Mobile,[검은사막 모바일] 격투가X하현우 스페셜 무비 (Black Desert Mobile - Cover by 하현우)   Full ver.,60,1.3
G9today,[G9트렌드트럭X장삐쭈] 안기욱을 찾아온 1천만원 택배의 진실?!,30,1
현대자동차그룹(HYUNDAI),세상에서 가장 조용한 택시 (The Quiet Taxi),60,1.3
버거킹,"[버거킹] 김영철 아저씨 사딸라! ALL DAY KING 사딸라! TVCF 30""",30,1
읏맨,[읏맨송 종합편] 몰아보는 읏맨송_가로Ver,60,1.3
LOTTE CHILSUNG,[스트롱사이다X노라조] 더 더 더 스트롱하게~! 노라조~!!(Full ver.),30,1
Lottecard,"롯데카드 LiFE - TOUCH(터치) 30""",60,1.3
KB국민은행,[3.1운동 100주년기념] 다시 부르는 여옥사 8호실의 노래 : '대한이 살았다',30,1
동아오츠카,"[이온워터] 겨울철 건조한 날, 수분충전 (Full ver)",120,1.7
KT - 케이티,[이국종 교수 x KT 5G] 대한민국을 위한 오늘의 기술(full),120,1.7
PlayStation Korea,PlayStation®4 허락을 위한 분명한명분 ep.1,60,1.3
Samsung Electronics,"EP.1 ""엄마, 고래는 어디 있어?"" 고래먼지 (Ambergris)",30,1
배스킨라빈스,"배스킨라빈스 추석선물세트, 디저트로 딱! (Full)",120,1.7
WEBTOON TV,네이버웹툰 '연의 편지',60,1.3
코리아유니클로,유니클로 진 x 이기광 x 리아킴 댄스 영상,30,1
League of Legends - Korea,승선을 환영한다! | 오디세이 애니메이션 트레일러 - 리그 오브 레전드,120,1.7
KT - 케이티,"느낌적인 웹시트콤 '느껴, 지니' [ep1. 개강적인 느낌]",60,1.3
삼성카드 Samsung Card,[밸런스 메이커]잡아보세요 당신의 워라밸_밸런스 마우스편,30,1
LOTTE DUTY FREE,"[KOR] LOTTE DUTY FREE x BTS M/V ""You're so Beautiful""",30,1
배틀그라운드,배틀그라운드 모바일 TVCF - My way편,120,1.7
스노우 카메라 (SNOW Camera),[귀신 이동면허] 귀신도 시험 본다는데??,60,1.3
Cass TVC,AOMGxCASS 뒤집어버려 Official Music video,60,1.3
빙그레,"함께 놀아요, 바나나맛우유 (feat. 팽이)",60,1.3
LotteCF,[젤리셔스X모모랜드] 무한재미 무한젤리 Endless 젤리셔스가 떴다! 영상공유 이벤트,120,1.7
클래시 로얄,클랜전이 온다!,30,1
LOTTE RIA,[롯데리아] 이영자 이름걸고 추천하는 메뉴 TOP3,30,1
카카오페이지,[카카오페이지X데드풀2] 라이언 레놀즈 단독 인터뷰!,30,1
공식정관장몰,[정몰] 정말 건강에 미친 사람들의 몰,120,1.7
